City_ID,City,Country,Date,Lat,Lng,Max Temp,Humidity,Cloudiness,Wind Speed
0,Pushkino,RU,2022-11-05 17:22:12,56.0172,37.8667,34.09,84,100,2.15
1,Mugur-Aksy,RU,2022-11-05 17:22:12,50.35,90.5,19.9,73,54,5.14
2,Pangnirtung,CA,2022-11-05 17:22:13,66.1451,-65.7125,15.8,57,100,5.75
3,Khatanga,RU,2022-11-05 17:22:13,71.9667,102.5,-24.27,100,99,4.63
4,Jamestown,US,2022-11-05 17:19:03,42.097,-79.2353,78.39,57,20,18.41
5,Ushuaia,AR,2022-11-05 17:22:13,-54.8,-68.3,62.26,51,0,3.44
6,Mataura,NZ,2022-11-05 17:22:14,-46.1927,168.8643,37.44,93,30,2.55
7,Hirara,JP,2022-11-05 17:22:14,24.8,125.2833,73.04,74,100,20.98
8,Upernavik,GL,2022-11-05 17:22:15,72.7868,-56.1549,12.33,78,56,7.7
9,Tanete,ID,2022-11-05 17:22:15,-3.9443,119.7848,75.87,94,100,1.77
10,Vestmannaeyjar,IS,2022-11-05 17:22:15,63.4427,-20.2734,41.99,81,75,35.68
11,Crotone,IT,2022-11-05 17:22:16,39.0851,17.1178,62.55,67,75,6.91
12,Atuona,PF,2022-11-05 17:22:16,-9.8,-139.0333,77.02,72,60,14.5
13,Aklavik,CA,2022-11-05 17:22:16,68.2191,-135.0107,0.0,83,34,9.69
14,Manokwari,ID,2022-11-05 17:22:17,-0.8667,134.0833,78.1,80,100,6.13
15,Longyearbyen,SJ,2022-11-05 17:22:17,78.2186,15.6401,31.84,80,40,12.66
16,Gualaquiza,EC,2022-11-05 17:22:17,-3.4,-78.55,80.29,49,79,4.34
17,Kununurra,AU,2022-11-05 17:22:18,-15.7667,128.7333,84.18,65,7,5.75
18,Novyy Nekouz,RU,2022-11-05 17:22:18,57.9029,38.07,31.19,80,83,2.21
19,Saint-Philippe,RE,2022-11-05 17:22:18,-21.3585,55.7679,72.99,81,38,6.82
20,Vaini,TO,2022-11-05 17:22:19,-21.2,-175.2,71.76,88,20,4.61
21,Kiama,AU,2022-11-05 17:22:19,-34.6833,150.8667,61.57,83,8,3.0
22,Bengkulu,ID,2022-11-05 17:22:20,-3.8004,102.2655,75.79,90,100,3.06
23,Hithadhoo,MV,2022-11-05 17:22:20,-0.6,73.0833,81.5,73,33,8.77
24,Tura,IN,2022-11-05 17:22:20,25.5198,90.2201,66.76,93,0,3.4
25,Salalah,OM,2022-11-05 17:22:21,17.0151,54.0924,82.49,74,0,2.3
26,Anchorage,US,2022-11-05 17:22:21,61.2181,-149.9003,20.28,72,0,19.57
27,Talcahuano,CL,2022-11-05 17:22:21,-36.7167,-73.1167,56.14,66,84,7.29
28,Bongouanou,CI,2022-11-05 17:22:22,6.6486,-4.1992,80.02,75,100,2.93
29,Gamba,GA,2022-11-05 17:22:22,-2.65,10.0,79.03,81,92,8.3
30,Patrocinio,BR,2022-11-05 17:22:22,-18.9439,-46.9925,76.17,36,43,6.2
31,Butaritari,KI,2022-11-05 17:22:22,3.0707,172.7902,79.75,76,55,10.71
32,Zyryanka,RU,2022-11-05 17:22:23,65.75,150.85,-2.54,98,100,3.2
33,Punta Arenas,CL,2022-11-05 17:22:23,-53.15,-70.9167,63.75,46,6,7.54
34,Baringo,KE,2022-11-05 17:22:23,0.4667,35.9667,76.91,53,92,7.4
35,Derzhavinsk,KZ,2022-11-05 17:22:24,51.1,66.3167,27.79,75,61,14.09
36,Cape Town,ZA,2022-11-05 17:21:34,-33.9258,18.4232,69.35,75,0,24.16
37,Nizwa,OM,2022-11-05 17:22:24,22.9333,57.5333,77.58,31,82,1.68
38,Quatre Bornes,MU,2022-11-05 17:22:24,-20.2644,57.4719,71.96,76,58,8.08
39,Geraldton,AU,2022-11-05 17:18:08,-28.7667,114.6,63.01,82,0,9.22
40,Rikitea,PF,2022-11-05 17:18:00,-23.1203,-134.9692,70.41,75,96,16.26
41,La Sarrosa,HN,2022-11-05 17:22:25,15.2333,-87.8333,81.54,59,91,0.81
42,Faya,SA,2022-11-05 17:22:25,18.3851,42.4509,64.51,77,46,4.23
43,Albany,US,2022-11-05 17:22:25,42.6001,-73.9662,72.54,75,74,3.0
44,Tuktoyaktuk,CA,2022-11-05 17:22:26,69.4541,-133.0374,5.0,85,100,21.85
45,Carnarvon,AU,2022-11-05 17:22:26,-24.8667,113.6333,65.95,73,0,18.43
46,Najran,SA,2022-11-05 17:22:27,17.4924,44.1277,74.05,25,3,5.5
47,Provideniya,RU,2022-11-05 17:23:27,64.3833,-173.3,20.55,79,100,7.78
48,Qaanaaq,GL,2022-11-05 17:23:27,77.484,-69.3632,6.24,73,46,8.63
49,Springbok,ZA,2022-11-05 17:23:27,-29.6643,17.8865,66.29,54,0,11.68
50,Saldanha,ZA,2022-11-05 17:23:28,-33.0117,17.9442,68.05,87,84,20.92
51,Amahai,ID,2022-11-05 17:23:28,-3.3333,128.9167,80.01,83,100,2.77
52,Sitka,US,2022-11-05 17:23:28,57.0531,-135.33,37.29,56,75,4.61
53,Kapaa,US,2022-11-05 17:23:29,22.0752,-159.319,79.12,83,100,12.66
54,East London,ZA,2022-11-05 17:18:32,-33.0153,27.9116,67.14,88,0,5.75
55,Yellowknife,CA,2022-11-05 17:23:29,62.456,-114.3525,7.32,72,100,11.5
56,Chunhuhub,MX,2022-11-05 17:23:29,19.55,-88.6833,87.26,55,63,5.1
57,Iqaluit,CA,2022-11-05 17:23:30,63.7506,-68.5145,15.53,73,100,4.61
58,Aswan,EG,2022-11-05 17:23:30,24.0934,32.907,76.3,29,0,4.61
59,Mollendo,PE,2022-11-05 17:23:30,-17.0231,-72.0147,67.17,69,64,9.26
60,Cayenne,GF,2022-11-05 17:23:30,4.9333,-52.3333,77.04,94,75,6.91
61,Puerto Ayora,EC,2022-11-05 17:23:31,-0.7393,-90.3518,78.76,70,66,11.18
62,Dingle,PH,2022-11-05 17:23:31,10.9995,122.6711,75.87,93,69,5.97
63,Chuy,UY,2022-11-05 17:23:31,-33.6971,-53.4616,67.71,60,6,14.34
64,Naze,JP,2022-11-05 17:23:32,28.3667,129.4833,63.52,65,18,13.67
65,Lorengau,PG,2022-11-05 17:23:32,-2.0226,147.2712,81.05,77,90,1.68
66,Dunedin,NZ,2022-11-05 17:23:32,-45.8742,170.5036,42.55,81,11,6.55
67,Biak,ID,2022-11-05 17:23:33,-0.9131,122.8766,77.09,82,89,4.23
68,Ilan,TW,2022-11-05 17:23:33,24.757,121.753,72.01,92,100,6.38
69,Lahij,YE,2022-11-05 17:23:33,13.1667,44.5833,74.98,73,55,6.71
70,Dikson,RU,2022-11-05 17:23:34,73.5069,80.5464,23.18,96,100,5.17
71,Arraial Do Cabo,BR,2022-11-05 17:23:34,-22.9661,-42.0278,75.16,64,20,12.66
72,Kodiak,US,2022-11-05 17:21:01,57.79,-152.4072,27.91,46,0,41.43
73,San Rafael,AR,2022-11-05 17:23:34,-34.6177,-68.3301,85.48,14,47,15.79
74,Port Alfred,ZA,2022-11-05 17:23:35,-33.5906,26.891,65.17,87,32,9.89
75,Melilla,ES,2022-11-05 17:23:35,35.2937,-2.9383,71.8,68,0,6.91
76,Lompoc,US,2022-11-05 17:23:35,34.6391,-120.4579,66.52,52,0,12.66
77,Whyalla,AU,2022-11-05 17:23:35,-33.0333,137.5833,66.7,50,86,9.51
78,Vakhrushev,RU,2022-11-05 17:23:36,48.9833,142.9667,30.29,69,89,12.57
79,New Norfolk,AU,2022-11-05 17:18:43,-42.7826,147.0587,50.9,83,59,2.86
80,Nouadhibou,MR,2022-11-05 17:23:36,20.931,-17.0347,72.86,68,0,16.91
81,Nadudvar,HU,2022-11-05 17:21:39,47.4167,21.1667,55.62,89,100,6.42
82,Kloulklubed,PW,2022-11-05 17:23:37,7.0419,134.2556,73.9,72,51,4.9
83,Oschersleben,DE,2022-11-05 17:23:37,52.0333,11.25,45.01,68,15,5.26
84,Antofagasta,CL,2022-11-05 17:23:37,-23.65,-70.4,65.55,65,24,10.65
85,Maldonado,UY,2022-11-05 17:22:02,-34.6667,-54.9167,72.79,52,63,12.93
86,Anadyr,RU,2022-11-05 17:21:54,64.75,177.4833,34.3,93,100,42.5
87,Marsa Matruh,EG,2022-11-05 17:23:38,31.3525,27.2453,70.0,64,0,4.61
88,Wuchang,CN,2022-11-05 17:23:38,44.9143,127.15,26.71,67,53,5.82
89,Itarare,BR,2022-11-05 17:18:43,-24.1125,-49.3317,70.95,40,7,4.83
90,Mahebourg,MU,2022-11-05 17:23:38,-20.4081,57.7,75.49,83,75,13.8
91,Srednekolymsk,RU,2022-11-05 17:23:39,67.45,153.6833,-1.28,97,100,12.17
92,Port Hardy,CA,2022-11-05 17:24:39,50.6996,-127.4199,37.58,93,75,12.66
93,Mbala,ZM,2022-11-05 17:24:39,-8.8402,31.3659,67.15,55,73,2.55
94,Shaoguan,CN,2022-11-05 17:24:40,24.8,113.5833,58.64,93,98,0.89
95,Uribia,CO,2022-11-05 17:24:40,11.7139,-72.266,84.74,64,100,3.2
96,Guerrero Negro,MX,2022-11-05 17:22:05,27.9769,-114.0611,68.38,35,2,9.01
97,Tiznit,MA,2022-11-05 17:24:40,29.5833,-9.5,74.75,41,0,6.6
98,Kahului,US,2022-11-05 17:24:40,20.8947,-156.47,80.62,72,20,13.8
99,Lagoa,PT,2022-11-05 17:24:41,39.05,-27.9833,63.39,62,98,12.01
100,Bage,BR,2022-11-05 17:24:41,-31.3314,-54.1069,74.98,41,0,17.27
101,Yulara,AU,2022-11-05 17:24:41,-25.2406,130.9889,71.56,21,8,5.26
102,Qaqortoq,GL,2022-11-05 17:24:42,60.7167,-46.0333,32.09,92,89,4.16
103,Tumut,AU,2022-11-05 17:24:42,-35.3,148.2167,56.97,78,95,1.74
104,Chokurdakh,RU,2022-11-05 17:24:42,70.6333,147.9167,4.24,97,100,2.35
105,Mar Del Plata,AR,2022-11-05 17:23:32,-38.0023,-57.5575,75.83,77,20,23.02
106,Junin,AR,2022-11-05 17:24:43,-34.5838,-60.9433,79.9,32,66,13.02
107,Rorvik,NO,2022-11-05 17:21:23,64.8621,11.2373,48.31,76,100,3.44
108,Karauli,IN,2022-11-05 17:24:43,26.5,77.0167,76.23,43,2,8.05
109,Clyde River,CA,2022-11-05 17:24:43,70.4692,-68.5914,-8.43,88,62,5.66
110,Abengourou,CI,2022-11-05 17:24:44,6.7297,-3.4964,80.42,73,88,3.42
111,Gisborne,NZ,2022-11-05 17:24:44,-38.6533,178.0042,55.71,71,81,5.39
112,Okato,NZ,2022-11-05 17:24:44,-39.2,173.8833,54.91,100,0,4.92
113,Kazanka,UA,2022-11-05 17:24:45,47.8462,32.8218,45.36,69,21,8.08
114,San Borja,BO,2022-11-05 17:24:45,-14.8167,-66.85,91.04,21,9,3.6
115,Eureka,US,2022-11-05 17:24:45,40.8021,-124.1637,56.19,93,100,10.0
116,Barrow,US,2022-11-05 17:24:45,71.2906,-156.7887,12.22,85,100,4.61
117,Rapid Valley,US,2022-11-05 17:24:46,44.0625,-103.1463,58.1,34,75,15.01
118,Kyabe,TD,2022-11-05 17:24:46,9.4515,18.9449,82.33,26,97,2.93
119,Yumen,CN,2022-11-05 17:24:46,40.2833,97.2,38.75,32,17,4.72
120,Busselton,AU,2022-11-05 17:24:47,-33.65,115.3333,52.77,81,0,11.88
121,Baculin,PH,2022-11-05 17:24:47,7.4525,126.5842,77.9,87,74,5.66
122,Tarime,TZ,2022-11-05 17:24:47,-1.35,34.3667,66.94,81,79,3.74
123,Abnub,EG,2022-11-05 17:24:48,27.2696,31.1511,71.82,34,51,8.86
124,Itarema,BR,2022-11-05 17:24:48,-2.9248,-39.9167,87.24,57,87,16.62
125,High Prairie,CA,2022-11-05 17:24:48,55.4334,-116.4858,11.68,69,100,11.92
126,Vostok,RU,2022-11-05 17:24:48,46.4856,135.8833,18.1,49,4,10.04
127,Fairbanks,US,2022-11-05 17:24:49,64.8378,-147.7164,7.61,86,100,0.0
128,Coquimbo,CL,2022-11-05 17:24:49,-29.9533,-71.3436,60.94,69,37,9.71
129,Katwa,IN,2022-11-05 17:24:49,23.6399,88.128,73.26,62,0,3.98
130,Hobart,AU,2022-11-05 17:20:08,-42.8794,147.3294,51.26,95,46,3.44
131,Pisco,PE,2022-11-05 17:24:50,-13.7,-76.2167,67.01,77,0,12.66
132,Ponta Do Sol,PT,2022-11-05 17:24:50,32.6667,-17.1,75.0,90,94,1.43
133,Kieta,PG,2022-11-05 17:24:50,-6.2167,155.6333,78.15,84,70,4.88
134,Te Anau,NZ,2022-11-05 17:24:51,-45.4167,167.7167,35.38,95,18,0.85
135,Vardo,NO,2022-11-05 17:24:51,70.3705,31.1107,39.18,87,100,6.91
136,Pacasmayo,PE,2022-11-05 17:24:51,-7.4006,-79.5714,69.06,69,18,12.91
137,Rockhampton,AU,2022-11-05 17:24:52,-23.3833,150.5,64.29,77,0,8.05
138,Bambous Virieux,MU,2022-11-05 17:24:52,-20.3428,57.7575,75.45,83,75,13.8
139,Binga,ZW,2022-11-05 17:25:52,-17.6203,27.3414,81.09,55,79,4.81
140,Mezen,RU,2022-11-05 17:25:52,65.8522,44.24,36.63,94,100,7.96
141,Poitiers,FR,2022-11-05 17:25:53,46.5833,0.3333,55.24,62,0,6.91
142,Ust-Uda,RU,2022-11-05 17:25:53,54.1742,103.0304,29.98,91,100,2.53
143,Lebu,CL,2022-11-05 17:25:53,-37.6167,-73.65,58.39,67,32,9.55
144,Nikolskoye,RU,2022-11-05 17:25:54,59.7035,30.7861,31.91,83,66,7.72
145,Kitgum,UG,2022-11-05 17:25:54,3.2783,32.8867,75.18,55,99,2.91
146,Mahajanga,MG,2022-11-05 17:25:54,-15.7167,46.3167,75.22,94,40,2.3
147,Port Hueneme,US,2022-11-05 17:25:54,34.1478,-119.1951,71.06,45,0,0.0
148,French Harbor,HN,2022-11-05 17:25:55,16.35,-86.4333,86.07,83,100,1.01
149,Changtu,CN,2022-11-05 17:25:55,42.7788,124.0955,32.95,44,5,4.68
150,Victoria,HK,2022-11-05 17:25:48,22.2855,114.1577,70.25,87,97,4.0
151,Evensk,RU,2022-11-05 17:25:55,61.95,159.2333,15.91,87,100,6.44
152,Empangeni,ZA,2022-11-05 17:25:56,-28.762,31.8933,71.06,88,95,8.16
153,Accrington,GB,2022-11-05 17:25:56,53.7538,-2.3586,50.67,96,84,8.75
154,Turukhansk,RU,2022-11-05 17:25:56,65.8167,87.9833,18.45,96,100,8.75
155,Mega,ET,2022-11-05 17:25:57,4.05,38.3,64.06,70,55,12.03
156,Moba,CN,2022-11-05 17:25:57,33.2288,105.0179,45.79,88,100,4.52
157,Bethel,US,2022-11-05 17:25:57,41.3712,-73.414,76.55,63,20,14.97
158,Castro,BR,2022-11-05 17:25:58,-24.7911,-50.0119,66.78,44,5,4.76
159,Hermanus,ZA,2022-11-05 17:25:58,-34.4187,19.2345,68.81,79,100,13.51
160,Solntsevo,RU,2022-11-05 17:25:58,51.4185,36.7499,35.94,70,96,4.88
161,Borovoy,RU,2022-11-05 17:25:58,55.4333,86.0833,33.08,86,0,11.18
162,Adrar,MR,2022-11-05 17:25:59,20.5022,-10.0711,86.34,7,0,7.34
163,Moerai,PF,2022-11-05 17:25:59,-22.4333,-151.3333,73.08,86,100,24.18
164,Houma,US,2022-11-05 17:25:59,29.5958,-90.7195,66.2,100,40,3.44
165,San Patricio,US,2022-11-05 17:26:00,28.017,-97.5169,75.16,43,91,12.68
166,Cherskiy,RU,2022-11-05 17:26:00,68.75,161.3,18.16,81,100,14.14
167,Dustlik,UZ,2022-11-05 17:26:00,40.5247,68.0358,55.02,77,41,4.56
168,Okha,RU,2022-11-05 17:26:01,53.5739,142.9478,26.85,70,98,15.64
169,Saint-Augustin,CA,2022-11-05 17:26:01,51.226,-58.6502,52.03,81,100,12.21
170,Minas,UY,2022-11-05 17:26:01,-34.3759,-55.2377,71.67,48,4,15.97
171,Am Timan,TD,2022-11-05 17:26:01,11.0297,20.2827,83.14,27,88,2.21
172,Ilulissat,GL,2022-11-05 17:26:02,69.2167,-51.1,23.02,93,75,1.14
173,Bluff,NZ,2022-11-05 17:26:03,-46.6,168.3333,49.59,67,90,12.33
174,Saskylakh,RU,2022-11-05 17:26:03,71.9167,114.0833,-11.24,100,99,3.18
175,Bredasdorp,ZA,2022-11-05 17:26:03,-34.5322,20.0403,64.94,80,97,8.68
176,Plettenberg Bay,ZA,2022-11-05 17:26:04,-34.0527,23.3716,64.89,87,100,4.45
177,Naliya,IN,2022-11-05 17:26:04,23.2667,68.8333,80.85,54,42,7.81
178,Tamiahua,MX,2022-11-05 17:26:04,21.2667,-97.45,83.71,69,7,11.52
179,Sturgeon Falls,CA,2022-11-05 17:26:05,46.3646,-79.9326,66.88,66,100,12.77
180,Anna Paulowna,NL,2022-11-05 17:26:05,52.862,4.834,51.82,91,75,17.0
181,Mount Isa,AU,2022-11-05 17:26:05,-20.7333,139.5,78.57,38,40,6.91
182,Airai,TL,2022-11-05 17:26:06,-8.9266,125.4092,60.89,87,66,2.33
183,Aykhal,RU,2022-11-05 17:26:06,66.0,111.5,-2.81,100,98,4.34
184,Bhusawal,IN,2022-11-05 17:26:06,21.05,75.7667,75.49,44,0,3.27
185,Tommot,RU,2022-11-05 17:26:07,58.9564,126.2925,16.45,94,100,6.76
186,Alofi,NU,2022-11-05 17:27:07,-19.0595,-169.9187,67.89,94,2,3.44
187,Alekseyevsk,RU,2022-11-05 17:27:08,57.8406,108.3492,24.89,96,100,5.77
188,Hilo,US,2022-11-05 17:27:08,19.7297,-155.09,75.61,87,100,4.61
189,Ribeira Grande,PT,2022-11-05 17:27:09,38.5167,-28.7,68.77,56,20,10.36
190,Marawi,PH,2022-11-05 17:27:09,7.9986,124.2928,68.7,96,66,1.63
191,Hueyapan,MX,2022-11-05 17:27:09,18.8667,-98.6667,71.78,60,23,4.38
192,Tiksi,RU,2022-11-05 17:27:09,71.6872,128.8694,4.57,96,100,6.89
193,Sao Joao Da Barra,BR,2022-11-05 17:27:10,-21.6403,-41.0511,77.09,53,1,18.01
194,Kaitangata,NZ,2022-11-05 17:27:10,-46.2817,169.8464,39.49,88,21,6.62
195,Laguna,US,2022-11-05 17:27:11,38.421,-121.4238,58.28,69,100,13.8
196,Neiafu,TO,2022-11-05 17:27:11,-18.65,-173.9833,75.88,83,75,4.61
197,Ejura,GH,2022-11-05 17:27:12,7.3856,-1.3562,83.17,63,100,2.95
198,Deputatskiy,RU,2022-11-05 17:27:12,69.3,139.9,-13.23,98,88,6.24
199,Tromso,NO,2022-11-05 17:27:12,69.6496,18.957,39.38,93,75,1.14
200,Olinda,BR,2022-11-05 17:27:13,-8.0089,-34.8553,83.93,65,75,12.66
201,Camacha,PT,2022-11-05 17:27:13,33.0833,-16.3333,67.42,73,40,8.05
202,Robertsport,LR,2022-11-05 17:27:13,6.7533,-11.3686,82.08,74,37,10.25
203,Sefophe,BW,2022-11-05 17:27:14,-22.1833,27.9667,83.16,34,39,6.2
204,Namatanai,PG,2022-11-05 17:27:15,-3.6667,152.4333,79.02,82,99,2.93
205,Wamba,NG,2022-11-05 17:27:15,8.9333,8.6,80.69,35,90,1.03
206,Nancha,CN,2022-11-05 17:27:15,47.1333,129.2667,25.14,57,74,3.29
207,Bonnyville,CA,2022-11-05 17:24:57,54.2668,-110.735,26.4,92,100,21.54
208,Matara,LK,2022-11-05 17:27:16,5.9485,80.5353,75.07,94,100,4.63
209,Lucapa,AO,2022-11-05 17:27:16,-8.4192,20.7447,65.7,95,100,0.94
210,Karasjok,NO,2022-11-05 17:27:17,69.4719,25.5112,37.26,87,100,16.31
211,Maromitsa,RU,2022-11-05 17:27:17,59.8683,48.0123,24.06,88,61,3.85
212,Dali,CN,2022-11-05 17:27:18,25.7,100.1833,50.34,75,2,3.91
213,Isangel,VU,2022-11-05 17:27:18,-19.55,169.2667,77.54,85,92,7.67
214,Matagami,CA,2022-11-05 17:27:18,49.7502,-77.6328,35.71,100,100,4.61
215,Vila Franca Do Campo,PT,2022-11-05 17:24:53,37.7167,-25.4333,65.19,87,100,8.05
216,Saint George,US,2022-11-05 17:24:02,37.1041,-113.5841,49.42,44,0,1.99
217,Kuusamo,FI,2022-11-05 17:27:19,65.9667,29.1833,32.04,93,100,8.05
218,Simplicio Mendes,BR,2022-11-05 17:27:19,-7.8539,-41.9103,87.22,49,100,1.99
219,Saint-Francois,FR,2022-11-05 17:27:19,46.4154,3.9054,45.84,87,0,3.44
220,Fortuna,US,2022-11-05 17:27:20,40.5982,-124.1573,55.92,94,100,11.5
221,Hamilton,US,2022-11-05 17:27:20,39.1834,-84.5333,76.08,59,100,25.32
222,Canton,CN,2022-11-05 17:24:38,23.1167,113.25,65.88,73,71,7.31
223,Paamiut,GL,2022-11-05 17:27:21,61.994,-49.6678,29.08,95,100,3.85
224,Avarua,CK,2022-11-05 17:27:21,-21.2078,-159.775,73.45,73,20,4.61
225,Denpasar,ID,2022-11-05 17:27:22,-8.65,115.2167,80.26,83,40,5.75
226,Hohhot,CN,2022-11-05 17:27:22,40.8106,111.6522,30.49,74,0,4.47
227,Port-Gentil,GA,2022-11-05 17:27:22,-0.7193,8.7815,82.36,83,75,11.5
228,Ludvika,SE,2022-11-05 17:27:23,60.1496,15.1878,45.77,89,100,8.41
229,Sorong,ID,2022-11-05 17:27:23,-0.8833,131.25,78.33,85,100,2.84
230,Pocatello,US,2022-11-05 17:24:18,42.8713,-112.4455,41.9,82,100,12.66
231,Waddan,LY,2022-11-05 17:28:23,29.1614,16.139,73.56,21,0,8.12
232,Zhigansk,RU,2022-11-05 17:28:24,66.7697,123.3711,-3.89,97,100,6.38
233,Keti Bandar,PK,2022-11-05 17:28:24,24.1447,67.4497,80.89,65,61,8.86
234,Sola,VU,2022-11-05 17:28:24,-13.8833,167.55,80.33,74,7,8.72
235,Mexico,PH,2022-11-05 17:28:07,15.0646,120.7198,80.31,87,24,3.22
236,Atar,MR,2022-11-05 17:28:25,20.5169,-13.0499,91.13,7,0,11.05
237,Kernersville,US,2022-11-05 17:25:56,36.1199,-80.0736,78.33,69,100,14.97
238,Kalavad,IN,2022-11-05 17:28:26,22.2167,70.3833,81.45,35,4,3.8
239,El Alto,PE,2022-11-05 17:28:26,-4.2714,-81.2147,71.26,65,6,15.08
240,Padang,ID,2022-11-05 17:28:26,-0.9492,100.3543,73.45,84,100,2.57
241,Faanui,PF,2022-11-05 17:28:27,-16.4833,-151.75,78.22,84,100,33.4
242,Sawankhalok,TH,2022-11-05 17:28:28,17.316,99.8319,71.19,84,7,1.12
243,Mount Gambier,AU,2022-11-05 17:28:28,-37.8333,140.7667,53.71,75,96,6.62
244,Raga,SS,2022-11-05 17:28:28,8.4596,25.678,85.98,31,53,3.29
245,Tikhvin,RU,2022-11-05 17:28:28,59.6451,33.5294,28.22,93,51,5.86
246,Broome,US,2022-11-05 17:28:29,42.2506,-75.833,70.2,77,100,14.97
247,Huarmey,PE,2022-11-05 17:28:29,-10.0681,-78.1522,69.03,70,45,9.64
248,Lubao,PH,2022-11-05 17:28:30,14.9167,120.55,80.31,86,43,3.85
249,Le Port,RE,2022-11-05 17:28:30,-20.9373,55.2919,79.9,100,15,1.66
250,Almaznyy,RU,2022-11-05 17:28:30,48.0448,40.045,35.94,93,99,8.79
251,Port Lincoln,AU,2022-11-05 17:24:41,-34.7333,135.8667,62.89,59,95,9.06
252,Northam,GB,2022-11-05 17:28:31,51.0333,-4.2167,53.38,94,70,8.88
253,Quelimane,MZ,2022-11-05 17:28:31,-17.8786,36.8883,82.35,78,75,13.8
254,Killybegs,IE,2022-11-05 17:28:31,54.6333,-8.45,53.31,82,9,13.11
255,Batagay-Alyta,RU,2022-11-05 17:28:32,67.8006,130.4114,-5.75,99,100,1.83
256,Ouegoa,NC,2022-11-05 17:28:32,-20.35,164.4333,76.48,86,69,9.73
257,Soyo,AO,2022-11-05 17:28:32,-6.1349,12.3689,76.12,86,100,3.38
258,Tuymazy,RU,2022-11-05 17:24:09,54.6067,53.7097,26.02,92,98,1.9
259,Vagur,FO,2022-11-05 17:28:33,61.4732,-6.8119,46.18,75,46,13.31
260,Sheridan,US,2022-11-05 17:28:33,44.8333,-106.9173,50.38,55,0,4.61
261,Tadine,NC,2022-11-05 17:28:33,-21.55,167.8833,75.52,87,19,9.33
262,Torbay,CA,2022-11-05 17:28:34,47.6666,-52.7314,62.76,67,75,26.46
263,Katsuura,JP,2022-11-05 17:28:34,35.1333,140.3,59.02,72,95,11.16
264,Sur,OM,2022-11-05 17:28:34,22.5667,59.5289,80.15,62,38,5.48
265,Port Elizabeth,ZA,2022-11-05 17:25:37,-33.918,25.5701,71.1,77,20,3.44
266,Mwinilunga,ZM,2022-11-05 17:28:35,-11.7358,24.4293,65.82,82,81,3.31
267,Mandera,KE,2022-11-05 17:28:35,3.9366,41.867,82.63,61,96,10.6
268,Cachoeiro De Itapemirim,BR,2022-11-05 17:28:35,-20.8489,-41.1128,76.55,50,45,7.99
269,Kristiansund,NO,2022-11-05 17:28:35,63.1115,7.732,45.25,93,75,4.61
270,Tautira,PF,2022-11-05 17:28:36,-17.7333,-149.15,71.56,93,100,20.89
271,Schongau,DE,2022-11-05 17:28:36,47.8167,10.9,43.99,87,98,4.43
272,Katobu,ID,2022-11-05 17:28:37,-4.9408,122.5276,76.01,91,100,2.89
273,Praya,CV,2022-11-05 17:28:37,14.9215,-23.5087,84.74,42,0,14.97
274,Lukovetskiy,RU,2022-11-05 17:28:37,64.2956,41.9211,34.03,94,100,5.77
275,Georgetown,MY,2022-11-05 17:24:39,5.4112,100.3354,80.24,91,20,0.0
276,Codrington,AU,2022-11-05 17:28:37,-38.2667,141.9667,53.92,73,94,9.46
277,Ayan,RU,2022-11-05 17:28:38,56.45,138.1667,18.64,54,20,21.97
278,Severo-Kurilsk,RU,2022-11-05 17:29:38,50.6789,156.125,37.76,69,37,12.55
279,Luderitz,NA,2022-11-05 17:29:38,-26.6481,15.1594,65.16,76,0,10.22
280,Jalu,LY,2022-11-05 17:29:39,29.0331,21.5482,71.94,28,14,5.93
281,Lac Du Bonnet,CA,2022-11-05 17:29:39,50.2536,-96.0612,38.05,40,36,11.81
282,Tasiilaq,GL,2022-11-05 17:29:39,65.6145,-37.6368,31.1,91,100,8.32
283,Stornoway,GB,2022-11-05 17:29:40,58.2093,-6.3865,47.93,91,75,6.91
284,Esperance,AU,2022-11-05 17:29:40,-33.8667,121.9,55.24,76,46,12.44
285,Ajra,IN,2022-11-05 17:29:40,16.1167,74.2,74.62,64,96,4.68
286,Salihorsk,BY,2022-11-05 17:29:40,52.7876,27.5415,39.47,84,99,13.71
287,Vao,NC,2022-11-05 17:29:41,-22.6667,167.4833,75.76,85,64,10.36
288,Nijar,ES,2022-11-05 17:29:41,36.9665,-2.206,65.84,64,0,4.61
289,Severnyy,RU,2022-11-05 17:29:41,50.677,36.5532,32.04,86,75,2.24
290,Linguere,SN,2022-11-05 17:29:42,15.3953,-15.1193,96.31,7,97,5.23
291,Nome,US,2022-11-05 17:29:42,64.5011,-165.4064,5.07,85,0,0.0
292,Khurba,RU,2022-11-05 17:29:42,50.4072,136.8819,25.02,48,35,4.16
293,Souillac,MU,2022-11-05 17:29:43,-20.5167,57.5167,75.58,83,75,13.8
294,Tarko-Sale,RU,2022-11-05 17:29:43,64.9225,77.785,21.4,96,88,4.14
295,Abu Samrah,SY,2022-11-05 17:29:43,35.3029,37.1841,67.24,36,0,6.8
296,Thompson,CA,2022-11-05 17:29:43,55.7435,-97.8558,24.96,93,100,3.44
297,Sakakah,SA,2022-11-05 17:28:59,29.9697,40.2064,72.97,31,34,14.79
298,Chumikan,RU,2022-11-05 17:29:44,54.7183,135.315,16.59,78,9,20.24
299,Bathsheba,BB,2022-11-05 17:29:44,13.2167,-59.5167,81.21,89,75,18.41
300,Chateauroux,FR,2022-11-05 17:29:44,46.8167,1.7,48.2,76,0,4.61
301,Wagga Wagga,AU,2022-11-05 17:29:34,-35.1167,147.3667,54.84,91,48,3.53
302,Sabratah,LY,2022-11-05 17:29:45,32.7933,12.4885,68.65,48,43,17.74
303,Dunmore Town,BS,2022-11-05 17:29:45,25.5,-76.65,80.67,67,1,17.58
304,Male,MV,2022-11-05 17:29:45,4.1748,73.5089,80.55,89,75,9.22
305,Sarakhs,IR,2022-11-05 17:29:39,36.5449,61.1577,60.94,67,0,0.0
306,Axim,GH,2022-11-05 17:29:46,4.8699,-2.2405,80.49,79,100,7.16
307,Ankazoabo,MG,2022-11-05 17:29:46,-22.2833,44.5167,79.97,58,85,2.95
308,Tortoli,IT,2022-11-05 17:29:46,39.9256,9.6572,64.22,45,20,20.71
309,Lagunas,PE,2022-11-05 17:29:47,-5.2269,-75.6753,94.96,31,7,2.08
310,Baherden,TM,2022-11-05 17:29:47,38.4362,57.4316,61.9,53,84,1.59
311,Kushiro,JP,2022-11-05 17:29:47,42.975,144.3747,40.35,66,5,9.84
312,Ulaangom,MN,2022-11-05 17:29:48,49.9811,92.0667,21.85,89,26,1.61
313,Haines Junction,CA,2022-11-05 17:29:48,60.7522,-137.5108,10.35,56,100,3.44
314,Coahuayana,MX,2022-11-05 17:29:48,18.7333,-103.6833,84.2,68,53,2.68
315,Lubango,AO,2022-11-05 17:29:49,-14.9172,13.4925,64.67,50,80,2.53
316,Aberdeen,GB,2022-11-05 17:29:49,57.1437,-2.0981,48.49,93,100,4.61
317,Werda,BW,2022-11-05 17:29:49,-25.2667,23.2833,84.69,13,44,12.86
318,Kupang,ID,2022-11-05 17:29:49,-10.1667,123.5833,80.71,81,48,6.98
319,Songkhla,TH,2022-11-05 17:29:50,6.8333,100.6667,75.25,96,100,0.27
320,Santa Luzia,BR,2022-11-05 17:29:50,-19.7697,-43.8514,82.54,36,75,5.75
321,Koslan,RU,2022-11-05 17:29:50,63.4564,48.8989,31.91,97,100,6.73
322,Vrangel,RU,2022-11-05 17:29:51,42.7297,133.0839,36.05,57,12,6.89
323,Acapulco,MX,2022-11-05 17:28:51,16.8634,-99.8901,85.82,70,0,0.0
324,Ewo,CG,2022-11-05 17:30:51,-0.8725,14.8206,75.11,83,98,0.98
325,Ketchikan,US,2022-11-05 17:27:24,55.3422,-131.6461,34.02,91,83,4.09
326,Tuatapere,NZ,2022-11-05 17:30:51,-46.1333,167.6833,39.13,86,16,4.32
327,Muros,ES,2022-11-05 17:30:52,42.7762,-9.0603,60.1,82,99,9.06
328,Myrtle Beach,US,2022-11-05 17:30:52,33.6891,-78.8867,82.35,71,40,9.22
329,Pitimbu,BR,2022-11-05 17:30:52,-7.4706,-34.8086,86.59,67,76,10.65
330,Miramar,US,2022-11-05 17:28:47,25.9873,-80.2323,86.02,67,40,12.66
331,La Ronge,CA,2022-11-05 17:30:53,55.1001,-105.2842,26.85,86,100,14.97
332,Sao Filipe,CV,2022-11-05 17:30:53,14.8961,-24.4956,80.89,62,100,5.99
333,Rio Grande,BR,2022-11-05 17:30:53,-32.035,-52.0986,73.51,70,7,15.93
334,Channarayapatna,IN,2022-11-05 17:30:54,12.9044,76.3917,66.83,89,85,7.0
335,Rayong,TH,2022-11-05 17:30:54,12.8333,101.4333,77.83,99,98,3.51
336,Cap Malheureux,MU,2022-11-05 17:30:54,-19.9842,57.6142,75.47,75,1,3.0
337,Apatin,RS,2022-11-05 17:30:55,45.6711,18.9847,49.96,83,100,9.19
338,Vestmanna,FO,2022-11-05 17:30:55,62.1564,-7.1664,40.12,87,100,2.3
339,Narsaq,GL,2022-11-05 17:30:55,60.9167,-46.05,34.02,91,84,3.44
340,Basco,PH,2022-11-05 17:30:56,20.4487,121.9702,77.22,86,22,16.67
341,Ostrov,RU,2022-11-05 17:30:56,57.3439,28.3537,29.93,65,100,11.03
342,Whitehorse,CA,2022-11-05 17:27:05,60.7161,-135.0538,7.57,60,100,12.66
343,Miri,MY,2022-11-05 17:30:56,4.4148,114.0089,77.14,88,40,3.44
344,Juneau,US,2022-11-05 17:28:01,58.3019,-134.4197,32.0,100,75,3.44
345,Brae,GB,2022-11-05 17:30:57,60.3964,-1.353,48.58,76,97,6.4
346,Bosaso,SO,2022-11-05 17:30:57,11.2842,49.1816,79.88,67,5,6.06
347,Caxito,AO,2022-11-05 17:30:57,-8.5785,13.6643,78.31,81,96,4.34
348,Shetpe,KZ,2022-11-05 17:30:58,44.1667,52.1167,44.94,63,53,5.01
349,Komsomolskiy,UZ,2022-11-05 17:30:58,40.4272,71.7189,50.72,87,93,2.3
350,Yerbogachen,RU,2022-11-05 17:30:58,61.2767,108.0108,14.29,93,82,9.71
351,Celestun,MX,2022-11-05 17:30:59,20.8667,-90.4,86.29,61,99,1.99
352,Albox,ES,2022-11-05 17:30:59,37.3886,-2.1495,66.33,58,7,2.33
353,Ossora,RU,2022-11-05 17:30:59,59.2353,163.0719,26.08,94,84,4.52
354,Toamasina,MG,2022-11-05 17:31:00,-18.1667,49.3833,77.0,78,40,2.3
355,Bintulu,MY,2022-11-05 17:31:00,3.1667,113.0333,77.41,94,20,5.01
356,Leningradskiy,RU,2022-11-05 17:31:00,69.3833,178.4167,9.0,85,86,14.27
357,Karratha,AU,2022-11-05 17:31:01,-20.7377,116.8463,75.58,61,8,13.78
358,Sault Sainte Marie,CA,2022-11-05 17:27:55,46.5168,-84.3333,57.76,100,100,6.91
359,College,US,2022-11-05 17:31:01,64.8569,-147.8028,5.99,88,75,0.0
360,Lavrentiya,RU,2022-11-05 17:31:01,65.5833,-171.0,18.0,80,80,3.44
361,Fort Nelson,CA,2022-11-05 17:30:25,58.8053,-122.7002,8.19,78,75,6.91
362,Anzio,IT,2022-11-05 17:31:02,41.4853,12.6179,60.26,66,100,16.28
363,Inndyr,NO,2022-11-05 17:31:03,67.0338,14.0276,48.45,80,100,7.2
364,La Tuque,CA,2022-11-05 17:31:03,47.4334,-72.7824,70.05,52,99,14.97
365,Covilha,PT,2022-11-05 17:31:03,40.286,-7.504,57.63,61,8,1.81
366,Hofn,IS,2022-11-05 17:31:04,64.2539,-15.2082,39.97,70,100,14.58
367,Svetlaya,RU,2022-11-05 17:31:05,46.5389,138.3297,28.87,44,1,8.12
368,Tamala,RU,2022-11-05 17:31:06,52.541,43.2515,34.16,79,100,6.64
369,Brigantine,US,2022-11-05 17:26:36,39.4101,-74.3646,77.2,76,0,10.36
370,Maningrida,AU,2022-11-05 17:31:06,-12.0667,134.2667,81.16,81,3,5.7
371,Albacete,ES,2022-11-05 17:31:07,38.8333,-2.0,61.61,25,0,4.61
372,Svetlogorsk,BY,2022-11-05 17:32:08,52.6333,29.7333,33.89,77,73,10.47
373,Kyaikto,MM,2022-11-05 17:32:09,17.3,97.0167,74.86,78,1,4.27
374,Cidreira,BR,2022-11-05 17:32:09,-30.1811,-50.2056,67.12,65,2,13.33
375,Kodinsk,RU,2022-11-05 17:32:10,58.6881,99.1844,26.69,96,100,3.38
376,Bilibino,RU,2022-11-05 17:32:10,68.0546,166.4372,18.77,86,100,9.8
377,Egvekinot,RU,2022-11-05 17:32:10,66.3167,-179.1667,12.72,96,100,8.97
378,Marienburg,PL,2022-11-05 17:32:11,54.0359,19.0266,42.87,89,100,6.35
379,Grindavik,IS,2022-11-05 17:32:11,63.8424,-22.4338,42.75,65,0,16.11
380,Pithiviers,FR,2022-11-05 17:32:12,48.1667,2.25,50.02,76,93,7.18
381,Waingapu,ID,2022-11-05 17:32:12,-9.6567,120.2641,80.53,79,100,4.29
382,Ho Chi Minh City,VN,2022-11-05 17:30:47,10.75,106.6667,77.02,100,20,2.3
383,Port Said,EG,2022-11-05 17:32:12,31.2565,32.2841,71.58,64,40,4.61
384,Idrinskoye,RU,2022-11-05 17:32:13,54.3708,92.1358,32.27,77,98,2.98
385,Sabinopolis,BR,2022-11-05 17:32:13,-18.6661,-43.0839,68.59,68,73,1.81
386,Ledyard,US,2022-11-05 17:32:13,41.4398,-72.0142,75.4,76,100,8.05
387,Tessalit,ML,2022-11-05 17:32:14,20.1986,1.0114,81.68,13,0,9.73
388,Olonets,RU,2022-11-05 17:32:14,60.9847,32.9698,29.79,94,39,6.44
389,Batemans Bay,AU,2022-11-05 17:29:46,-35.7167,150.1833,54.99,93,38,3.11
390,Riyadh,SA,2022-11-05 17:31:10,24.6877,46.7219,77.14,44,98,18.14
391,Snyder,US,2022-11-05 17:32:15,32.7179,-100.9176,64.09,25,0,12.66
392,Gusinoye Ozero,RU,2022-11-05 17:32:16,51.1144,106.2614,25.77,88,12,3.56
393,Lunino,RU,2022-11-05 17:32:17,53.5918,45.2271,36.91,81,100,4.9
394,Ilheus,BR,2022-11-05 17:32:17,-14.7889,-39.0494,76.82,73,100,11.5
395,Osypenko,UA,2022-11-05 17:32:18,46.9136,36.8253,43.07,81,30,8.88
396,Dourbali,TD,2022-11-05 17:32:18,11.8091,15.8632,80.82,13,68,8.34
397,Tazovskiy,RU,2022-11-05 17:32:18,67.4667,78.7,15.06,95,100,9.89
398,Half Moon Bay,US,2022-11-05 17:32:19,37.4636,-122.4286,60.91,92,100,5.75
399,Tiarei,PF,2022-11-05 17:32:19,-17.5333,-149.3333,71.62,91,100,16.6
400,Avera,US,2022-11-05 17:32:19,33.194,-82.5271,77.38,65,81,12.93
401,Changde,CN,2022-11-05 17:32:20,29.0464,111.6783,57.96,68,64,3.76
402,Nanortalik,GL,2022-11-05 17:32:20,60.1432,-45.2371,35.22,91,94,11.77
403,Owando,CG,2022-11-05 17:32:21,-0.4819,15.8999,74.84,84,99,1.81
404,Calbuco,CL,2022-11-05 17:32:21,-41.768,-73.1273,55.24,85,90,9.91
405,Bubaque,GW,2022-11-05 17:32:21,11.2833,-15.8333,83.77,50,50,5.95
406,Mayo,US,2022-11-05 17:32:22,38.8876,-76.5119,80.94,72,0,12.66
407,Quatre Cocos,MU,2022-11-05 17:32:22,-20.2078,57.7625,75.31,76,6,8.97
408,Flinders,AU,2022-11-05 17:32:22,-34.5833,150.8552,61.38,80,6,4.0
409,Goderich,CA,2022-11-05 17:32:23,43.7501,-81.7165,70.12,56,100,24.16
410,Champerico,GT,2022-11-05 17:32:23,14.3,-91.9167,88.34,70,62,4.81
411,Sorland,NO,2022-11-05 17:32:23,67.667,12.6934,46.26,91,100,6.73
412,Baglung,NP,2022-11-05 17:32:24,28.2719,83.5898,57.29,66,2,5.55
413,Kruisfontein,ZA,2022-11-05 17:32:24,-34.0033,24.7314,68.88,90,82,4.0
414,Ozernovskiy,RU,2022-11-05 17:32:25,51.5,156.5167,39.58,67,35,21.43
415,Hobyo,SO,2022-11-05 17:32:25,5.3505,48.5268,80.98,70,3,11.81
416,Wakkanai,JP,2022-11-05 17:32:26,45.4094,141.6739,42.44,56,100,27.85
417,Praia,CV,2022-11-05 17:32:26,14.9215,-23.5087,84.74,42,0,14.97
418,Jaciara,BR,2022-11-05 17:33:27,-15.9653,-54.9683,94.26,22,1,3.0
419,Puerto Quijarro,BO,2022-11-05 17:33:27,-17.7833,-57.7667,93.97,20,0,5.03
420,Portland,US,2022-11-05 17:28:58,45.5234,-122.6762,48.83,90,100,6.91
421,Margate,GB,2022-11-05 17:33:28,51.3813,1.3862,56.3,88,100,5.99
422,Pevek,RU,2022-11-05 17:33:28,69.7008,170.3133,17.31,77,100,8.41
423,Serenje,ZM,2022-11-05 17:33:28,-13.2325,30.2352,72.1,47,83,1.92
424,Kavieng,PG,2022-11-05 17:33:29,-2.5744,150.7967,81.91,76,71,5.99
425,Cabo San Lucas,MX,2022-11-05 17:28:55,22.8909,-109.9124,81.05,58,20,3.0
426,Clarence Town,AU,2022-11-05 17:33:29,-32.5833,151.7833,60.85,96,0,2.39
427,Develi,TR,2022-11-05 17:33:29,38.3906,35.4922,43.95,47,2,2.55
428,Copiapo,CL,2022-11-05 17:33:30,-27.3667,-70.3333,77.31,31,3,10.2
429,Nador,MA,2022-11-05 17:33:30,35.174,-2.9287,71.67,68,0,6.91
430,Gorele,TR,2022-11-05 17:33:30,41.0308,39.0031,58.41,69,32,4.76
431,Inirida,CO,2022-11-05 17:33:31,3.8653,-67.9239,88.68,48,56,2.42
432,Bar Harbor,US,2022-11-05 17:33:31,44.3876,-68.2039,71.94,74,0,17.27
433,Xixiang,CN,2022-11-05 17:33:31,35.1628,112.865,55.8,48,97,4.56
434,Malka,RU,2022-11-05 17:33:32,43.8039,43.3242,42.94,88,100,5.32
435,Palmer,US,2022-11-05 17:33:32,42.1584,-72.3287,76.06,64,75,13.8
436,Chapais,CA,2022-11-05 17:33:32,49.7834,-74.8492,38.98,90,100,8.03
437,Broken Hill,AU,2022-11-05 17:31:24,-31.95,141.4333,64.27,42,92,5.77
438,Taoudenni,ML,2022-11-05 17:33:33,22.6783,-3.9836,84.4,11,0,11.39
439,Yelan,RU,2022-11-05 17:30:44,50.949,43.7378,35.42,88,100,6.89
440,Ola,RU,2022-11-05 17:33:33,59.5833,151.2833,23.14,82,100,8.86
441,Santa Cruz,BO,2022-11-05 17:30:04,-17.8,-63.1667,86.05,32,0,4.61
442,Ascension,US,2022-11-05 17:31:07,30.2169,-90.9001,64.0,88,100,6.91
443,Birin,NP,2022-11-05 17:33:34,26.8865,88.0718,53.35,78,0,4.43
444,Kifri,IQ,2022-11-05 17:33:34,34.6959,44.9661,66.79,28,0,3.06
445,Morro Bay,US,2022-11-05 17:33:34,35.3658,-120.8499,68.99,55,50,5.99
446,Barillas,GT,2022-11-05 17:33:35,15.8036,-91.3158,74.68,69,28,3.74
447,Inhambane,MZ,2022-11-05 17:33:35,-23.865,35.3833,78.78,83,40,11.5
448,Awash,ET,2022-11-05 17:33:35,8.9833,40.1667,76.89,29,52,5.21
449,Boende,CD,2022-11-05 17:33:35,-0.2167,20.8667,71.26,99,99,1.92
450,Stephenville Crossing,CA,2022-11-05 17:33:36,48.5,-58.4318,55.22,93,100,13.8
451,Jamame,SO,2022-11-05 17:33:36,0.0722,42.7506,77.79,81,35,7.47
452,Tabou,CI,2022-11-05 17:33:36,4.423,-7.3528,79.47,81,45,6.96
453,Cortes,ES,2022-11-05 17:33:37,41.9395,-1.4396,61.88,36,11,6.71
454,Nantucket,US,2022-11-05 17:33:37,41.2835,-70.0995,71.74,78,0,13.8
455,Uttarkashi,IN,2022-11-05 17:33:37,30.7333,78.45,55.4,77,15,6.87
456,Hasaki,JP,2022-11-05 17:33:38,35.7333,140.8333,51.22,59,99,18.23
457,Kuching,MY,2022-11-05 17:33:38,1.55,110.3333,75.42,94,40,7.0
458,Mongoumba,CF,2022-11-05 17:33:38,3.6415,18.5936,73.69,84,70,2.62
459,Prieska,ZA,2022-11-05 17:33:39,-29.6641,22.7474,78.55,19,0,7.4
460,Husavik,IS,2022-11-05 17:33:39,66.0449,-17.3389,36.1,78,98,8.19
461,Sungairaya,ID,2022-11-05 17:33:39,0.7,108.9,77.52,87,100,5.41
462,Kawambwa,ZM,2022-11-05 17:33:40,-9.7915,29.0791,67.64,78,97,1.63
463,Tingi,TZ,2022-11-05 17:34:40,-11.3,35.0333,74.53,37,36,7.11
464,Caravelas,BR,2022-11-05 17:34:40,-17.7125,-39.2481,77.49,57,62,14.85
465,Norman Wells,CA,2022-11-05 17:34:40,65.282,-126.8329,8.64,85,100,6.91
466,Bol,TD,2022-11-05 17:34:41,13.4586,14.7147,79.63,50,28,4.68
467,Thinadhoo,MV,2022-11-05 17:34:41,0.5333,72.9333,81.32,77,19,10.11
468,Bulancak,TR,2022-11-05 17:34:41,40.9372,38.2291,57.02,94,0,1.14
469,Superior,US,2022-11-05 17:34:42,46.7208,-92.1041,42.44,79,100,25.32
470,Sabha,LY,2022-11-05 17:34:42,27.0377,14.4283,70.52,28,22,6.33
471,Bundaberg,AU,2022-11-05 17:34:42,-24.85,152.35,62.22,90,16,4.0
472,Gold Coast,AU,2022-11-05 17:30:45,-28.0,153.4333,64.0,85,40,8.05
473,Tucuma,BR,2022-11-05 17:34:43,-0.1833,-50.05,85.41,63,59,5.93
474,Alice,US,2022-11-05 17:34:43,27.7523,-98.0697,75.36,29,40,11.5
475,Banda Aceh,ID,2022-11-05 17:34:43,5.5577,95.3222,78.87,79,100,4.14
476,Araouane,ML,2022-11-05 17:34:44,18.9048,-3.5265,83.01,15,0,5.39
477,Port Blair,IN,2022-11-05 17:31:37,11.6667,92.75,82.44,69,40,3.44
478,Ardakan,IR,2022-11-05 17:34:44,32.31,54.0175,63.43,28,1,6.49
479,Bara,NG,2022-11-05 17:32:59,10.3744,10.7288,79.59,26,14,7.36
480,Tigil,RU,2022-11-05 17:34:44,57.8,158.6667,12.72,94,72,5.01
481,Manuk Mangkaw,PH,2022-11-05 17:34:45,4.8,119.85,82.17,77,97,2.82
482,San-Pedro,CI,2022-11-05 17:33:09,4.7485,-6.6363,79.47,80,72,5.86
483,San Miguel,SV,2022-11-05 17:34:45,13.4833,-88.1833,84.0,75,92,1.01
484,Wenling,CN,2022-11-05 17:34:45,28.3669,121.36,55.62,74,64,7.45
485,Tahta,EG,2022-11-05 17:34:46,26.7693,31.5021,72.41,33,71,8.7
486,Makakilo City,US,2022-11-05 17:34:46,21.3469,-158.0858,79.12,73,20,13.8
487,Miracema Do Tocantins,BR,2022-11-05 17:33:41,-9.5618,-48.3967,76.08,86,100,3.11
488,Krasnoselkup,RU,2022-11-05 17:34:46,65.7,82.4667,9.73,100,92,7.38
489,Luanda,AO,2022-11-05 17:34:47,-8.8368,13.2343,77.85,80,57,9.31
490,Buin,CL,2022-11-05 17:34:47,-33.7333,-70.75,81.43,24,100,8.72
491,Santiago,CL,2022-11-05 17:31:06,-33.4569,-70.6483,81.28,36,100,8.03
492,Taldom,RU,2022-11-05 17:34:47,56.7333,37.5333,24.17,97,23,1.07
493,Tatvan,TR,2022-11-05 17:34:47,38.5067,42.2817,44.24,56,43,7.0
494,Santa Rosa,PH,2022-11-05 17:34:48,14.3122,121.1114,79.11,93,43,5.82
495,Zhucheng,CN,2022-11-05 17:34:48,35.9947,119.3975,47.07,49,0,4.99
496,Okakarara,NA,2022-11-05 17:34:48,-20.5833,17.4333,82.15,17,100,15.86
497,Richards Bay,ZA,2022-11-05 17:34:49,-28.783,32.0377,72.05,89,91,10.78
498,Sibut,CF,2022-11-05 17:34:49,5.718,19.0739,74.07,61,75,2.86
499,Seryshevo,RU,2022-11-05 17:34:49,51.0933,128.3786,13.1,82,59,0.83
500,Liberia,LR,2022-11-05 17:34:50,6.5,-9.5,75.72,93,77,4.25
501,Ishim,RU,2022-11-05 17:34:50,56.1128,69.4902,28.22,96,100,19.53
502,Lashio,MM,2022-11-05 17:34:50,22.9333,97.75,59.04,98,11,1.72
503,Santa Cruz De La Palma,ES,2022-11-05 17:34:50,28.6835,-17.7642,74.14,94,75,8.05
504,Novo Aripuana,BR,2022-11-05 17:34:51,-5.1206,-60.3797,98.38,30,96,1.01
505,Magdagachi,RU,2022-11-05 17:34:51,53.45,125.8,9.5,94,19,3.04
506,Keizer,US,2022-11-05 17:34:51,44.9901,-123.0262,49.55,84,100,10.36
507,Buala,SB,2022-11-05 17:34:52,-8.145,159.5921,78.84,85,96,6.98
508,Oliveira Dos Brejinhos,BR,2022-11-05 17:34:52,-12.3169,-42.8961,68.32,87,100,2.13
509,Praia Da Vitoria,PT,2022-11-05 17:34:52,38.7333,-27.0667,68.25,64,20,12.24
510,Ocampo,MX,2022-11-05 17:35:53,21.65,-101.5,71.26,18,0,6.17
511,Bereznik,RU,2022-11-05 17:35:53,62.8551,42.7072,26.71,96,65,4.5
512,San Quintin,MX,2022-11-05 17:35:53,30.4833,-115.95,66.79,39,15,3.96
513,Oksfjord,NO,2022-11-05 17:35:54,70.2396,22.3479,39.38,85,100,5.48
514,Ilhabela,BR,2022-11-05 17:35:54,-23.7781,-45.3581,68.61,70,38,5.44
515,Kayerkan,RU,2022-11-05 17:35:54,69.3497,87.7602,21.52,100,100,13.53
516,Corn Island,NI,2022-11-05 17:35:54,12.1694,-83.0418,80.33,79,100,7.81
517,Birecik,TR,2022-11-05 17:35:55,37.0294,37.9903,58.21,32,0,4.34
518,Rawson,AR,2022-11-05 17:35:55,-43.3002,-65.1023,85.51,21,89,30.04
519,Miyang,CN,2022-11-05 17:35:55,24.4042,103.4428,53.26,89,51,1.3
520,Ambilobe,MG,2022-11-05 17:35:56,-13.2,49.05,74.07,72,4,4.99
521,Saint-Pierre,RE,2022-11-05 17:35:56,-21.3393,55.4781,73.08,83,0,3.44
522,Berlin,DE,2022-11-05 17:35:27,52.5244,13.4105,51.19,84,0,8.01
523,Diego De Almagro,CL,2022-11-05 17:33:13,-26.3667,-70.05,79.29,22,0,14.27
524,Pemangkat,ID,2022-11-05 17:35:56,1.1667,108.9667,77.58,85,100,5.53
525,Tartus,SY,2022-11-05 17:35:57,34.889,35.8866,71.8,54,0,6.96
526,Saint Anthony,US,2022-11-05 17:35:57,45.0205,-93.218,40.24,92,100,9.22
527,Grants Pass,US,2022-11-05 17:35:16,42.439,-123.3284,53.11,87,0,8.05
528,Nemuro,JP,2022-11-05 17:35:57,43.3236,145.575,41.88,70,12,15.68
529,Palana,RU,2022-11-05 17:35:58,59.1167,159.9667,21.63,80,73,7.49
530,Ubeda,ES,2022-11-05 17:35:58,38.0133,-3.3705,59.59,20,5,3.49
531,Constitucion,CL,2022-11-05 17:31:24,-35.3333,-72.4167,62.1,59,88,9.75
532,Sept-Iles,CA,2022-11-05 17:35:58,50.2001,-66.3821,59.52,84,100,6.91
533,Novyy Urengoy,RU,2022-11-05 17:35:59,66.0833,76.6333,12.47,96,55,6.13
534,Gizo,SB,2022-11-05 17:35:59,-8.103,156.8419,81.9,74,92,3.76
535,Umtata,ZA,2022-11-05 17:35:59,-31.5889,28.7844,61.88,93,55,4.99
536,Port Hedland,AU,2022-11-05 17:36:00,-20.3167,118.5667,75.25,83,72,12.66
537,Fujin,CN,2022-11-05 17:36:00,47.26,132.0322,24.39,43,2,6.53
538,Oussouye,SN,2022-11-05 17:36:00,12.485,-16.5469,86.58,34,99,0.58
539,Chagoda,RU,2022-11-05 17:36:00,59.164,35.3285,26.85,96,42,4.03
540,Kanigoro,ID,2022-11-05 17:36:01,-8.13,112.219,74.57,95,100,2.71
541,Marsh Harbour,BS,2022-11-05 17:36:01,26.5412,-77.0636,80.13,68,12,20.65
542,Puerto Escondido,MX,2022-11-05 17:36:01,15.85,-97.0667,86.36,68,33,12.46
543,Chenghai,CN,2022-11-05 17:36:02,23.4632,116.768,66.11,77,20,4.47
544,Manta,EC,2022-11-05 17:36:02,-0.95,-80.7333,74.98,78,75,11.5
545,Cockburn Town,TC,2022-11-05 17:36:03,21.4612,-71.1419,80.56,69,40,17.27
546,Kitami,JP,2022-11-05 17:36:03,43.8031,143.8908,39.11,86,75,5.01
547,Kavaratti,IN,2022-11-05 17:36:03,10.5669,72.642,82.06,74,52,5.86
548,Mount Pleasant,US,2022-11-05 17:31:40,32.7941,-79.8626,82.99,69,0,11.5
549,Ostrovnoy,RU,2022-11-05 17:36:04,68.0531,39.5131,35.42,95,100,9.4
550,Beberibe,BR,2022-11-05 17:36:04,-4.1797,-38.1306,84.06,64,68,12.95
551,Tilichiki,RU,2022-11-05 17:36:05,60.4667,166.1,31.08,86,99,10.92
552,Chinhoyi,ZW,2022-11-05 17:36:05,-17.3667,30.2,68.47,79,90,7.27
553,Severo-Yeniseyskiy,RU,2022-11-05 17:36:05,60.3725,93.0408,16.03,96,92,3.18
554,Awbari,LY,2022-11-05 17:36:06,26.5921,12.7805,69.3,24,32,5.82
555,Gairo,IT,2022-11-05 17:36:06,39.8497,9.5047,56.41,80,16,6.06
556,Williston,US,2022-11-05 17:31:53,48.147,-103.618,47.32,68,91,3.0
557,Beringovskiy,RU,2022-11-05 17:37:07,63.05,179.3167,37.15,95,100,27.31
558,Muzhi,RU,2022-11-05 17:37:07,65.3667,64.6667,16.18,81,89,4.16
559,San Cristobal,VE,2022-11-05 17:37:08,7.7669,-72.225,78.98,61,100,4.61
560,Zelenoborsk,RU,2022-11-05 17:37:08,61.4669,64.0333,16.66,96,78,5.79
561,Pimentel,PE,2022-11-05 17:37:08,-6.8367,-79.9342,71.89,56,0,13.8
562,Kohlu,PK,2022-11-05 17:37:09,29.8962,69.252,66.25,33,8,3.24
563,Meulaboh,ID,2022-11-05 17:37:09,4.1363,96.1285,75.31,88,99,4.61
564,Bonito,BR,2022-11-05 17:37:09,-21.1211,-56.4819,86.81,21,16,5.21
565,Cairns,AU,2022-11-05 17:32:36,-16.9167,145.7667,72.1,88,100,11.5
566,Snasa,NO,2022-11-05 17:37:10,64.2457,12.3778,47.61,95,100,4.61
567,Beyneu,KZ,2022-11-05 17:37:10,45.3167,55.2,42.91,67,68,5.61
568,Cortland,US,2022-11-05 17:37:11,42.6001,-76.083,71.13,75,100,14.97
569,Mocuba,MZ,2022-11-05 17:37:11,-16.8392,36.9856,76.55,76,81,3.67
570,Angoche,MZ,2022-11-05 17:37:11,-16.2325,39.9086,78.71,74,14,17.98
571,Navolato,MX,2022-11-05 17:32:22,24.7672,-107.6944,81.64,59,0,4.29
572,Havoysund,NO,2022-11-05 17:37:12,70.9963,24.6622,41.23,87,100,6.2
573,Los Llanos De Aridane,ES,2022-11-05 17:37:12,28.6585,-17.9182,70.12,86,75,8.05
574,Sisimiut,GL,2022-11-05 17:37:13,66.9395,-53.6735,24.28,93,100,8.1
575,Mimongo,GA,2022-11-05 17:37:13,-1.6195,11.6068,70.7,95,83,2.37
576,Tulum,MX,2022-11-05 17:32:54,20.2167,-87.4667,84.96,59,98,7.4
577,Luganville,VU,2022-11-05 17:37:14,-15.5333,167.1667,77.52,85,7,6.15
578,Cam Ranh,VN,2022-11-05 17:37:14,11.9214,109.1591,76.96,73,20,5.75
579,Mehamn,NO,2022-11-05 17:37:14,71.0357,27.8492,37.31,93,100,5.75
580,Lata,PT,2022-11-05 17:37:15,40.1629,-8.3327,58.91,67,6,1.92
581,Bartica,GY,2022-11-05 17:37:15,6.4,-58.6167,89.92,81,58,3.24
582,Saryozek,KZ,2022-11-05 17:37:16,44.3583,77.9753,43.2,92,73,2.21
583,Kalanguy,RU,2022-11-05 17:37:16,51.0167,116.5167,16.25,91,14,2.66
584,Great Yarmouth,GB,2022-11-05 17:37:17,52.6083,1.7305,54.95,87,100,20.78
585,Loandjili,CG,2022-11-05 17:37:17,-4.7561,11.8578,77.34,86,88,6.42
586,Tukrah,LY,2022-11-05 17:37:18,32.5341,20.5791,70.23,49,0,15.55
